"x","y1","y2"
2023-06-06,3.57862939304072,2.90833289844076
2023-06-06 00:10:00,3.23332696958211,3.87866021240075
2023-06-06 00:20:00,7.47180216428793,6.45023079326454
2023-06-06 00:30:00,3.0155543364307,4.21194102446883
2023-06-06 00:40:00,4.28596216835689,4.77707939742263
2023-06-06 00:50:00,7.01478160225147,4.65094640836995
2023-06-06 01:00:00,4.58552850604346,4.61699756966146
2023-06-06 01:10:00,4.66474386178304,5.14832067190203
2023-06-06 01:20:00,4.48173199026371,4.95702513573128
2023-06-06 01:30:00,6.53353258531789,6.40858515942008
2023-06-06 01:40:00,6.45209198921386,5.15463200530265
2023-06-06 01:50:00,6.10350029609724,5.1344242410056
2023-06-06 02:00:00,6.24776794123463,5.32186339756856
2023-06-06 02:10:00,4.46941206788223,4.35569730191605
2023-06-06 02:20:00,3.94975860541581,6.08320476644118
2023-06-06 02:30:00,5.619542702948,5.00754698738763
2023-06-06 02:40:00,5.19599152249495,3.97889740010411
2023-06-06 02:50:00,5.42211126683775,4.76381514831827
2023-06-06 03:00:00,4.51309148819773,4.39806439178871
2023-06-06 03:10:00,5.13656817247543,5.36252907338367
2023-06-06 03:20:00,2.92365561881113,5.72060206169205
2023-06-06 03:30:00,6.0492145296564,3.94358038720099
2023-06-06 03:40:00,6.47947300809482,6.22595699021601
2023-06-06 03:50:00,5.02767718119959,6.75986771405377
2023-06-06 04:00:00,6.09989782322549,5.04173062346949
2023-06-06 04:10:00,4.48710574091302,5.11650355851585
2023-06-06 04:20:00,4.65437823249789,5.6871016977355
2023-06-06 04:30:00,4.70958299285652,4.55888564396839
2023-06-06 04:40:00,4.24736656779868,6.88317784671961
2023-06-06 04:50:00,5.420963291408,3.81127640142857
2023-06-06 05:00:00,5.41589436865098,5.61843440902586
2023-06-06 05:10:00,4.69565774887581,4.5154402135566
2023-06-06 05:20:00,6.75748369724259,5.27831892841818
2023-06-06 05:30:00,4.70733249368216,4.90537650552002
2023-06-06 05:40:00,3.98625239865074,6.1000043427483
2023-06-06 05:50:00,4.28396389100886,3.58099835554718
2023-06-06 06:00:00,5.81528441518673,4.3764124970563
2023-06-06 06:10:00,7.13313743148693,4.70856474404709
2023-06-06 06:20:00,4.95202362899559,5.57331109374166
2023-06-06 06:30:00,6.18162378995028,5.87780566131478
2023-06-06 06:40:00,6.28186185712748,4.78500902897551
2023-06-06 06:50:00,4.29191657833055,5.68324571582222
2023-06-06 07:00:00,3.77590451500574,2.54969359105676
2023-06-06 07:10:00,3.78779502672415,4.612538238295
2023-06-06 07:20:00,5.49382309561938,2.47476338026964
2023-06-06 07:30:00,6.69018411516275,3.11450311555627
2023-06-06 07:40:00,6.51039630696889,3.90063264208775
2023-06-06 07:50:00,5.45604119163342,5.72269244943097
2023-06-06 08:00:00,5.94538902412732,2.49537600096775
2023-06-06 08:10:00,5.1352414701832,3.78430669355607
2023-06-06 08:20:00,5.63527488937316,1.12071577569064
2023-06-06 08:30:00,5.20236393858725,5.05183202567473
2023-06-06 08:40:00,4.85584209397554,5.88797270428155
2023-06-06 08:50:00,5.61238002483696,4.07086947132347
2023-06-06 09:00:00,4.32688398791795,5.38481870255114
2023-06-06 09:10:00,3.65490923798035,5.5484982009976
2023-06-06 09:20:00,4.17482328094247,5.41724724393857
2023-06-06 09:30:00,3.36340164927637,5.35844290855842
2023-06-06 09:40:00,3.66578452329545,5.37378418980944
2023-06-06 09:50:00,3.62201746415986,3.66241605994149
2023-06-06 10:00:00,3.58792356101447,6.53059546660908
2023-06-06 10:10:00,3.46276197349497,6.63475103936333
2023-06-06 10:20:00,2.31246007950894,4.41378364960969
2023-06-06 10:30:00,1.97395356722857,5.99508327204519
2023-06-06 10:40:00,3.36410130811703,4.45378419705479
2023-06-06 10:50:00,3.72255135035295,5.5517660854643
2023-06-06 11:00:00,3.82203148009815,5.90377958340765
2023-06-06 11:10:00,2.97056139796309,6.69196638093665
2023-06-06 11:20:00,4.23082374775925,4.98737170722771
2023-06-06 11:30:00,2.68081216097133,4.84908127832453
2023-06-06 11:40:00,2.14262072567789,4.66274461099963
2023-06-06 11:50:00,3.57727907711285,4.94219943170927
2023-06-06 12:00:00,4.28893714473945,4.58111225980982
2023-06-06 12:10:00,2.46027576316809,5.41936511395085
2023-06-06 12:20:00,3.76149441804784,7.1441683620766
2023-06-06 12:30:00,4.65004774311219,4.44409634053579
2023-06-06 12:40:00,2.95334495744358,4.28264881419137
2023-06-06 12:50:00,3.10498562564604,4.93452059815313
2023-06-06 13:00:00,2.83711564952747,5.34127899524024
2023-06-06 13:10:00,3.59190071673904,4.68773349588779
2023-06-06 13:20:00,3.42687492866818,7.08870803281472
2023-06-06 13:30:00,4.66459907539828,4.51820940445614
2023-06-06 13:40:00,3.77077876135999,5.45171497843772
2023-06-06 13:50:00,3.09372091844052,3.70036720207299
2023-06-06 14:00:00,2.51351353628778,4.83964306927909
2023-06-06 14:10:00,2.77382469532128,4.45638913989444
2023-06-06 14:20:00,2.44778505682768,6.69264943315345
2023-06-06 14:30:00,3.78087517795793,4.19902462838801
2023-06-06 14:40:00,2.7881062384284,5.53035869395012
2023-06-06 14:50:00,2.00226077728597,7.17703096132414
2023-06-06 15:00:00,4.48353996826539,4.40511509496325
2023-06-06 15:10:00,3.57993664982386,6.13071161346546
2023-06-06 15:20:00,2.68869857089306,3.76636493742207
2023-06-06 15:30:00,3.98437849791421,7.09785590931218
2023-06-06 15:40:00,3.76918094403211,4.89309318811186
2023-06-06 15:50:00,3.31527977483651,5.29145934385491
2023-06-06 16:00:00,1.27798621169561,4.87280900603893
2023-06-06 16:10:00,5.81731069661072,5.94333197724478
2023-06-06 16:20:00,2.85739245913117,4.28041215618191
2023-06-06 16:30:00,2.93677563760173,4.98738197954718
2023-06-06 16:40:00,2.77609669215779,5.25617795616334
2023-06-06 16:50:00,2.65926260170592,4.14150723475734
2023-06-06 17:00:00,5.82748500523395,6.93216371331462
2023-06-06 17:10:00,4.3323109035803,3.66141920336837
2023-06-06 17:20:00,5.92886820544969,5.81610925185717
2023-06-06 17:30:00,5.06783278167703,6.62357294292926
2023-06-06 17:40:00,5.81437911769736,4.59135200471504
2023-06-06 17:50:00,5.4115924410658,4.98587280874576
2023-06-06 18:00:00,7.5456061771983,3.48557043467816
2023-06-06 18:10:00,5.2894649305854,4.04479953622969
2023-06-06 18:20:00,5.5210362031357,6.86124139927688
2023-06-06 18:30:00,4.93070292715329,4.47155290682065
2023-06-06 18:40:00,4.6597879380559,3.10523886812895
2023-06-06 18:50:00,3.17762856998772,4.86756587732472
2023-06-06 19:00:00,6.13187445421662,5.30069099347596
2023-06-06 19:10:00,4.0061461275519,3.29476261239153
2023-06-06 19:20:00,4.14705044462296,5.56054083381397
2023-06-06 19:30:00,3.47250358217843,4.99842684017633
2023-06-06 19:40:00,7.71612290064077,4.45836329072164
2023-06-06 19:50:00,2.68526403378012,3.79377630942621
2023-06-06 20:00:00,3.08363725122274,4.52217046390265
2023-06-06 20:10:00,4.19822503236792,4.30666800091584
2023-06-06 20:20:00,5.39518578917247,4.62839805479269
2023-06-06 20:30:00,5.54692952606906,5.81586078007001
2023-06-06 20:40:00,5.89592980360912,4.08862912684669
2023-06-06 20:50:00,4.06399276821061,4.94242992464519
2023-06-06 21:00:00,5.49078166056878,6.0583359537093
2023-06-06 21:10:00,4.63962040186636,3.73826793001711
2023-06-06 21:20:00,3.91707731448907,3.62518904512704
2023-06-06 21:30:00,3.06079551342966,4.90690100127438
2023-06-06 21:40:00,4.32493575356325,6.20213195267368
2023-06-06 21:50:00,3.77574425944073,3.6364046101683
2023-06-06 22:00:00,6.40842085529778,2.62315435512975
2023-06-06 22:10:00,5.02237767238694,5.20828750939487
2023-06-06 22:20:00,3.87342956124792,4.55683450385961
2023-06-06 22:30:00,7.03137863787388,5.39079270585122
2023-06-06 22:40:00,4.14385503326412,4.2787350265808
2023-06-06 22:50:00,4.98506429089217,5.76254624416043
2023-06-06 23:00:00,5.8503770716875,5.52254343642756
2023-06-06 23:10:00,4.45758963763359,4.16768062702449
2023-06-06 23:20:00,5.46708224855803,3.64168894716045
2023-06-06 23:30:00,4.57838881378459,3.76090486699077
2023-06-06 23:40:00,4.18600591973221,5.51988664448482
2023-06-06 23:50:00,3.85531060875808,4.65692141114121
2023-06-07,3.92235929798754,3.45969551937326
2023-06-07 00:10:00,3.71256305595101,4.6118570877926
2023-06-07 00:20:00,4.43872480307761,3.02045603863324
2023-06-07 00:30:00,5.8556919420985,5.57721368866356
2023-06-07 00:40:00,4.85398375612867,5.96405610819273
2023-06-07 00:50:00,3.53952301289082,2.42917996302853
2023-06-07 01:00:00,4.75159822763447,6.08095992655459
2023-06-07 01:10:00,5.9278131699092,5.43765106803523
2023-06-07 01:20:00,4.42642386121,4.9572139249729
2023-06-07 01:30:00,4.6082944381754,3.20369938132648
2023-06-07 01:40:00,2.98282518406215,6.13958318652362
2023-06-07 01:50:00,4.07647196084013,6.74250221401688
2023-06-07 02:00:00,4.61652620955699,6.41128980771395
2023-06-07 02:10:00,6.14557235403035,6.30284058097098
2023-06-07 02:20:00,6.40420876720983,4.41811940464299
2023-06-07 02:30:00,4.05005715305787,5.82323870971923
2023-06-07 02:40:00,5.45355616676403,5.82955655853396
2023-06-07 02:50:00,4.74129572017504,4.79407585941431
2023-06-07 03:00:00,5.61312275493401,4.41978646350085
2023-06-07 03:10:00,4.51838398738112,5.69759264536572
2023-06-07 03:20:00,5.11812081434868,4.85895150643218
2023-06-07 03:30:00,5.56239044680786,4.2530627772247
2023-06-07 03:40:00,5.60222701767399,4.91505252752197
2023-06-07 03:50:00,5.29004829085641,4.12213939273116
2023-06-07 04:00:00,4.85564659221924,4.96169394219381
2023-06-07 04:10:00,6.9922018073132,4.93824322149853
2023-06-07 04:20:00,4.49353979036189,7.30318680898791
2023-06-07 04:30:00,4.76917079284876,5.93641214535658
2023-06-07 04:40:00,5.83574486482656,5.86970578944984
2023-06-07 04:50:00,4.89469368053197,6.22169555659415
2023-06-07 05:00:00,5.71677659208613,5.13375300382667
2023-06-07 05:10:00,4.42861111556415,5.56908619766739
2023-06-07 05:20:00,5.1628628842368,6.04620610101894
2023-06-07 05:30:00,3.4402707764364,6.56088602224784
2023-06-07 05:40:00,5.16292200793248,4.20146486380632
2023-06-07 05:50:00,6.67614187275974,6.77709670988057
2023-06-07 06:00:00,4.99183998197306,3.33682523914738
2023-06-07 06:10:00,6.04546893681576,4.46597461968895
2023-06-07 06:20:00,3.31660894417564,5.57723735350647
2023-06-07 06:30:00,5.80096847871811,7.13106158126653
2023-06-07 06:40:00,6.54697071484448,3.27078374019658
2023-06-07 06:50:00,3.71806127073959,5.00452094765205
2023-06-07 07:00:00,5.72001747047618,4.12887589680099
2023-06-07 07:10:00,3.98513540513238,2.67659112906105
2023-06-07 07:20:00,5.44231810355041,1.67535970621448
2023-06-07 07:30:00,5.16807074723381,3.66773042513016
2023-06-07 07:40:00,6.77913108311986,3.08767101394791
2023-06-07 07:50:00,4.03758865089617,1.98482012503431
2023-06-07 08:00:00,3.29497689309165,0.926820345164182
2023-06-07 08:10:00,4.51905790747518,1.60380185351151
2023-06-07 08:20:00,5.9536753977666,4.04142476142714
2023-06-07 08:30:00,5.37006781171915,4.09943528206399
2023-06-07 08:40:00,4.8824603991598,3.23922442982133
2023-06-07 08:50:00,5.97048412683817,4.16420377717743
2023-06-07 09:00:00,1.58210267468028,5.35928744675255
2023-06-07 09:10:00,4.68455993177679,5.60118900903694
2023-06-07 09:20:00,4.04613521838239,4.21154278534243
2023-06-07 09:30:00,4.47077188591746,4.70537881105742
2023-06-07 09:40:00,1.74566151933617,5.53431915596094
2023-06-07 09:50:00,4.36532325623533,5.25869472982731
2023-06-07 10:00:00,2.91247022344159,3.69788145758724
2023-06-07 10:10:00,3.07049555864268,3.78325252466577
2023-06-07 10:20:00,4.13909503229883,5.69813490496924
2023-06-07 10:30:00,2.86660260682666,4.297526369567
2023-06-07 10:40:00,4.24041103694934,4.22298898757111
2023-06-07 10:50:00,3.87202067235741,5.43011614007581
2023-06-07 11:00:00,1.63392884737179,4.39074730322805
2023-06-07 11:10:00,4.1781513315167,4.34957128578422
2023-06-07 11:20:00,1.51641474261842,4.29023934473126
2023-06-07 11:30:00,3.09752324381623,3.87973353995097
2023-06-07 11:40:00,3.00139993620377,3.91719990217158
2023-06-07 11:50:00,2.0263664617011,5.19974936418334
2023-06-07 12:00:00,3.47183705888438,4.53603193071313
2023-06-07 12:10:00,2.69154339048931,5.04134715815767
2023-06-07 12:20:00,3.03080485539545,5.04165419954459
2023-06-07 12:30:00,4.38275496663713,3.56682948688772
2023-06-07 12:40:00,6.32341814359291,4.3088139186811
2023-06-07 12:50:00,2.82392757308985,4.83822291475028
2023-06-07 13:00:00,3.86433937084372,4.89024422956417
2023-06-07 13:10:00,1.99626839077954,6.6226806471886
2023-06-07 13:20:00,5.13856762311399,4.67200611666647
2023-06-07 13:30:00,3.44121978938079,4.7817849679119
2023-06-07 13:40:00,4.22176700787673,4.70951236650741
2023-06-07 13:50:00,2.47445475030516,5.21726071932965
2023-06-07 14:00:00,3.69876952663532,5.99102593006067
2023-06-07 14:10:00,2.56767180028886,5.48326938555545
2023-06-07 14:20:00,4.21664343330535,5.60531193895101
2023-06-07 14:30:00,2.58882103408181,4.16046254053308
2023-06-07 14:40:00,4.03417048401442,5.38943414411615
2023-06-07 14:50:00,3.59677732568861,4.49609611275934
2023-06-07 15:00:00,2.80826332825656,4.97679972909304
2023-06-07 15:10:00,3.58236407747508,3.88152026519877
2023-06-07 15:20:00,4.60721853802884,5.46470044649356
2023-06-07 15:30:00,2.9664755717736,4.51454678300545
2023-06-07 15:40:00,3.99251693628102,6.14769970400478
2023-06-07 15:50:00,4.11739256105605,5.1516457866621
2023-06-07 16:00:00,1.72701258438483,3.93916234172748
2023-06-07 16:10:00,2.35369473806134,5.72271559859021
2023-06-07 16:20:00,3.88706109762782,5.99709611850389
2023-06-07 16:30:00,2.69157040266492,5.03047780719802
2023-06-07 16:40:00,3.6836764513275,3.24157511111047
2023-06-07 16:50:00,4.59408221353888,5.71060484771219
2023-06-07 17:00:00,7.00945072619248,4.01469771385918
2023-06-07 17:10:00,6.49025513939175,4.19960515896418
2023-06-07 17:20:00,4.59110767843096,4.25202226137399
2023-06-07 17:30:00,5.63929714217762,5.45032217049943
2023-06-07 17:40:00,4.23424118452981,3.76846356393895
2023-06-07 17:50:00,5.38478735745389,5.20515218169551
2023-06-07 18:00:00,3.86432604156677,6.07759475084424
2023-06-07 18:10:00,4.59811775448935,5.33964488275428
2023-06-07 18:20:00,5.9120371430271,4.73794854173552
2023-06-07 18:30:00,4.82005562308632,3.98892036296488
2023-06-07 18:40:00,6.48360837037145,5.54248795530032
2023-06-07 18:50:00,6.35922910710936,4.76308143777646
2023-06-07 19:00:00,6.43598835865843,4.85948900278952
2023-06-07 19:10:00,4.94953556400545,3.0908501787136
2023-06-07 19:20:00,5.49132022333136,5.98555053395921
2023-06-07 19:30:00,6.43600496017819,5.44945712244054
2023-06-07 19:40:00,5.00199454364039,4.81885529755258
2023-06-07 19:50:00,5.32114651607953,4.5147942764655
2023-06-07 20:00:00,4.67683637747886,4.35314579789168
2023-06-07 20:10:00,4.86449097886317,3.78398130149321
2023-06-07 20:20:00,4.98341017088152,4.47159174427577
2023-06-07 20:30:00,4.93270390801264,5.40616792500002
2023-06-07 20:40:00,2.91142053615705,5.81143626908931
2023-06-07 20:50:00,3.84577230909717,4.00368639487097
2023-06-07 21:00:00,5.50827249907476,6.11227605457662
2023-06-07 21:10:00,4.70587646990226,3.16296928157569
2023-06-07 21:20:00,6.89983855189739,5.10098147431387
2023-06-07 21:30:00,4.24227027909331,4.36189025297358
2023-06-07 21:40:00,4.15395749663123,4.20413066620127
2023-06-07 21:50:00,4.23932844692589,3.9485981763416
2023-06-07 22:00:00,5.82891458524688,4.78315989748239
2023-06-07 22:10:00,5.66025615153686,5.25253371287734
2023-06-07 22:20:00,6.95524721186119,5.11794596454083
2023-06-07 22:30:00,4.97150890518724,5.74027369103595
2023-06-07 22:40:00,4.71913200344362,5.28067927934635
2023-06-07 22:50:00,5.73090346883495,5.35520432917589
2023-06-07 23:00:00,3.49133366883948,5.28571073164967
2023-06-07 23:10:00,6.02533330432634,5.0036462170429
2023-06-07 23:20:00,5.02196508160288,5.65985214213228
2023-06-07 23:30:00,4.39806594931476,4.4401393482323
2023-06-07 23:40:00,5.91131581009067,3.93095625688309
2023-06-07 23:50:00,5.28344806302442,8.23154157117389
2023-06-08,5.33069643178747,3.95336992712847
2023-06-08 00:10:00,6.95243475377825,4.94594156033585
2023-06-08 00:20:00,5.18928463684242,3.53657576796725
2023-06-08 00:30:00,5.9637546407441,6.05968788604556
2023-06-08 00:40:00,5.58314051109613,4.46046437332922
2023-06-08 00:50:00,4.40317837494613,3.07138130176336
2023-06-08 01:00:00,6.46518141579113,5.3243683694423
2023-06-08 01:10:00,6.68617976525544,4.9808881916533
2023-06-08 01:20:00,3.76155685948914,3.63356959687853
2023-06-08 01:30:00,3.32284044001903,4.85502950711335
2023-06-08 01:40:00,4.07676344973826,6.62425757003196
2023-06-08 01:50:00,4.72068847957233,5.19465459081967
2023-06-08 02:00:00,4.48190215669763,4.98369629029838
2023-06-08 02:10:00,5.29811262683916,5.74170762163607
2023-06-08 02:20:00,5.61842396209923,6.11031305297042
2023-06-08 02:30:00,5.99980010846113,5.57340222572579
2023-06-08 02:40:00,4.55705608536543,4.05004373764532
2023-06-08 02:50:00,3.39347038997047,5.6518273992832
2023-06-08 03:00:00,5.66128886299383,6.19044170474537
2023-06-08 03:10:00,5.15492370124765,5.69276254380546
2023-06-08 03:20:00,2.67482694664608,4.60071598548151
2023-06-08 03:30:00,5.75428627153941,5.00223859123962
2023-06-08 03:40:00,3.76173096046145,5.49522939564806
2023-06-08 03:50:00,5.70899800286039,4.53219288292658
2023-06-08 04:00:00,4.83823117508494,3.61607118011123
2023-06-08 04:10:00,5.43606155570866,6.77385494457143
2023-06-08 04:20:00,3.96103944410902,4.9210175548297
2023-06-08 04:30:00,6.3436779777991,5.7538087110974
2023-06-08 04:40:00,3.43219408687502,5.07928330043932
2023-06-08 04:50:00,3.53144670758916,5.74692914194785
2023-06-08 05:00:00,4.155616543895,4.1393190164138
2023-06-08 05:10:00,4.89583236436419,6.83768708298129
2023-06-08 05:20:00,3.82863567927364,5.21570658620138
2023-06-08 05:30:00,5.35235179686001,6.69033716272427
2023-06-08 05:40:00,5.64149282460675,4.29486266934753
2023-06-08 05:50:00,3.13432682423417,3.79016405508212
2023-06-08 06:00:00,6.93798213413041,4.82961655304005
2023-06-08 06:10:00,3.78157824008197,4.33601824396444
2023-06-08 06:20:00,5.5294102163134,5.38443823730571
2023-06-08 06:30:00,3.7487176096565,3.71684177739404
2023-06-08 06:40:00,4.3463163469239,5.07967129655544
2023-06-08 06:50:00,5.74206177280837,3.64242858026655
2023-06-08 07:00:00,4.17836756909719,3.03895073015905
2023-06-08 07:10:00,4.73263781669013,1.17942580984763
2023-06-08 07:20:00,6.63161032761027,2.45219253201949
2023-06-08 07:30:00,3.94849518256004,2.29560479117358
2023-06-08 07:40:00,6.8630516732481,2.98684466362761
2023-06-08 07:50:00,4.31478606620962,3.1937056220313
2023-06-08 08:00:00,5.39160861434976,3.77058540584201
2023-06-08 08:10:00,6.62931149575703,1.3550149564436
2023-06-08 08:20:00,4.13565170894673,4.60619117141305
2023-06-08 08:30:00,5.33469684635073,6.217854862036
2023-06-08 08:40:00,4.46250838842918,3.5989855828251
2023-06-08 08:50:00,5.36064043158138,3.5316092691163
2023-06-08 09:00:00,4.48186340700399,3.46631477943474
2023-06-08 09:10:00,6.35422287752605,3.78688702105375
2023-06-08 09:20:00,4.9599921193828,5.56517619678851
2023-06-08 09:30:00,5.26504970320591,6.43944924875873
2023-06-08 09:40:00,5.20915259674463,5.95145877901941
2023-06-08 09:50:00,3.57936369085468,6.543732539155
2023-06-08 10:00:00,6.60595366962813,5.01496958693383
2023-06-08 10:10:00,4.41065326060452,5.11935187233575
2023-06-08 10:20:00,4.11723740276357,4.33178567827962
2023-06-08 10:30:00,2.88872717021109,6.32750107594415
2023-06-08 10:40:00,4.12495094768848,4.67665897150885
2023-06-08 10:50:00,4.60877320809823,6.52221993524527
2023-06-08 11:00:00,5.29639771569013,5.25840552910862
2023-06-08 11:10:00,5.44765282843016,2.48735616987403
2023-06-08 11:20:00,4.58875401463209,5.32126009644893
2023-06-08 11:30:00,3.87990679276168,5.6682622449795
2023-06-08 11:40:00,4.7147028754824,5.40669049641408
2023-06-08 11:50:00,3.39123856444386,5.35748892330024
2023-06-08 12:00:00,5.68551401418086,5.56811098460083
2023-06-08 12:10:00,4.27848692844755,4.60029461809274
2023-06-08 12:20:00,6.13206108090656,5.16209376002418
2023-06-08 12:30:00,3.64050789737006,5.79588897733364
2023-06-08 12:40:00,5.00634926403035,6.25320341440692
2023-06-08 12:50:00,5.27552017684814,4.45161804915201
2023-06-08 13:00:00,5.7390679871395,6.1115351571695
2023-06-08 13:10:00,4.94752796346848,4.85602367137328
2023-06-08 13:20:00,4.4972884405242,6.46426950851536
2023-06-08 13:30:00,5.13550346705021,5.21124831736738
2023-06-08 13:40:00,7.5282765176308,6.19468555330022
2023-06-08 13:50:00,6.48719553600244,5.68393139530797
2023-06-08 14:00:00,5.00283651736647,3.29209626512408
2023-06-08 14:10:00,6.67889198478071,2.92106328027131
2023-06-08 14:20:00,5.75427829092185,3.73304703197576
2023-06-08 14:30:00,5.21187398908242,4.73854959373865
2023-06-08 14:40:00,5.3173428919839,4.60017968028254
2023-06-08 14:50:00,7.41611603648863,4.10065490431413
2023-06-08 15:00:00,4.21213688021875,4.9368747562631
2023-06-08 15:10:00,4.89075020818199,5.10420884777376
2023-06-08 15:20:00,3.26858246050155,5.14980460248265
2023-06-08 15:30:00,4.47537981342392,4.30159204874029
2023-06-08 15:40:00,5.52621409123538,4.19787737367978
2023-06-08 15:50:00,7.41065479810718,4.71210271363379
2023-06-08 16:00:00,4.16162201688763,4.55555534599311
2023-06-08 16:10:00,3.20759461750382,4.83496487889083
2023-06-08 16:20:00,5.21868569377878,3.29658229718931
2023-06-08 16:30:00,4.59647003516978,4.52068820850533
2023-06-08 16:40:00,5.15221166862144,3.41371140765144
2023-06-08 16:50:00,4.41876214547218,5.65325076617001
2023-06-08 17:00:00,4.87472021063626,8.77223887261785
2023-06-08 17:10:00,4.81305247049956,6.73343453082004
2023-06-08 17:20:00,4.83100510815199,9.31994677741266
2023-06-08 17:30:00,4.73080300276246,8.77511278539164
2023-06-08 17:40:00,2.59454324790329,8.51263720391058
2023-06-08 17:50:00,3.08328434778222,7.28547459311608
2023-06-08 18:00:00,3.04716719185907,8.45319552278801
2023-06-08 18:10:00,4.07023468809073,5.97868863005804
2023-06-08 18:20:00,3.9345027385649,7.01412280004204
2023-06-08 18:30:00,6.37982433904684,8.89987027366215
2023-06-08 18:40:00,7.33171422248036,6.5306031742769
2023-06-08 18:50:00,5.39373609616795,9.20930323612819
2023-06-08 19:00:00,5.76053728702314,7.6042578579639
2023-06-08 19:10:00,5.12717296875258,6.72424852646208
2023-06-08 19:20:00,6.65094910826963,9.89554450746383
2023-06-08 19:30:00,4.62690943628833,7.52491339333972
2023-06-08 19:40:00,5.32854270665033,8.32631394203687
2023-06-08 19:50:00,6.52682765102863,8.49187577284961
2023-06-08 20:00:00,5.51974266149586,6.8371084346666
2023-06-08 20:10:00,7.12800479001766,7.76189970409386
2023-06-08 20:20:00,5.37139693470426,7.69528124604695
2023-06-08 20:30:00,5.0549319001345,9.08850152423495
2023-06-08 20:40:00,6.44084201367172,8.7769807105798
2023-06-08 20:50:00,3.88407231003456,8.11873312925934
2023-06-08 21:00:00,6.79649010331796,8.35414776997047
2023-06-08 21:10:00,4.1992725164275,8.32238733512462
2023-06-08 21:20:00,5.05872939774569,8.05899604334989
2023-06-08 21:30:00,5.0727173830287,6.52736891236908
2023-06-08 21:40:00,3.81869965363151,7.11574266249012
2023-06-08 21:50:00,7.11836448581222,8.85670198129064
2023-06-08 22:00:00,4.09569638177378,4.81707281736964
2023-06-08 22:10:00,5.49440015090621,4.32203136115983
2023-06-08 22:20:00,3.22061755407671,4.80650932550794
2023-06-08 22:30:00,6.60316101966647,4.62761131224305
2023-06-08 22:40:00,5.33180820308942,5.13488570206849
2023-06-08 22:50:00,6.20266981837632,7.14858408511106
2023-06-08 23:00:00,5.36141733575353,5.88762249810264
2023-06-08 23:10:00,4.79374266174862,5.39091102982631
2023-06-08 23:20:00,4.70659395136363,5.75069337808763
2023-06-08 23:30:00,6.21352524644449,4.7105421865301
2023-06-08 23:40:00,6.65924180316504,5.24659662747516
2023-06-08 23:50:00,5.47880386205968,4.72341768827764
2023-06-09,5.45484511150964,5.73313793226731
2023-06-09 00:10:00,4.66345276844408,5.34510529784753
2023-06-09 00:20:00,3.57156852646248,4.97162068122322
2023-06-09 00:30:00,4.95538882891384,4.49833741927321
2023-06-09 00:40:00,6.10500476192148,4.86985778238104
2023-06-09 00:50:00,4.27924405629612,5.982738568562
2023-06-09 01:00:00,3.8894027401888,2.75551908992484
2023-06-09 01:10:00,5.73463959815129,4.75098404892905
2023-06-09 01:20:00,3.88413849969308,4.56833960387205
2023-06-09 01:30:00,3.87810757367649,4.34670108603406
2023-06-09 01:40:00,5.42677137251871,4.63108012787828
2023-06-09 01:50:00,4.82637080121122,4.68368999084236
2023-06-09 02:00:00,5.9051843576986,2.88452003188216
2023-06-09 02:10:00,5.096211287035,6.88916753901178
2023-06-09 02:20:00,6.18568558475737,3.74209783176453
2023-06-09 02:30:00,6.20965933492829,4.95105057621872
2023-06-09 02:40:00,6.09596030965178,4.63412093137556
2023-06-09 02:50:00,5.34367044008071,4.79417821842251
2023-06-09 03:00:00,6.15511205836859,7.10596033788191
2023-06-09 03:10:00,5.05212867257646,4.97497281945351
2023-06-09 03:20:00,5.58830704687222,5.03259366036576
2023-06-09 03:30:00,6.90573027683396,6.17703575119039
2023-06-09 03:40:00,5.71636936045729,5.81947924271092
2023-06-09 03:50:00,5.01499578189885,4.85314367222844
2023-06-09 04:00:00,3.61616313299309,4.93171748701419
2023-06-09 04:10:00,4.8776073336188,5.08869239125002
2023-06-09 04:20:00,4.18226628343207,4.74934911583316
2023-06-09 04:30:00,4.77517031224175,3.46629898916967
2023-06-09 04:40:00,4.86851908132021,4.49197478530886
2023-06-09 04:50:00,5.84655861937138,6.25614732062364
2023-06-09 05:00:00,5.84329031161398,5.0556412738249
2023-06-09 05:10:00,4.51192630124823,4.66365381883423
2023-06-09 05:20:00,6.28395046062212,4.97307320016972
2023-06-09 05:30:00,4.2597592761903,3.81120749392682
2023-06-09 05:40:00,5.59421500209515,3.76092468299329
2023-06-09 05:50:00,4.91873728000512,4.77117656922578
2023-06-09 06:00:00,4.82519000423589,6.52331625498573
2023-06-09 06:10:00,2.98080657665458,2.93974076215009
2023-06-09 06:20:00,4.81599688019377,4.11532174350005
2023-06-09 06:30:00,5.23223301662663,5.25679227191285
2023-06-09 06:40:00,2.77681704885911,5.59262819265256
2023-06-09 06:50:00,5.78545239106792,4.64337387534234
2023-06-09 07:00:00,4.16157077874522,4.12174076632191
2023-06-09 07:10:00,5.34535268615928,1.04688674279776
2023-06-09 07:20:00,5.54708640141033,2.29119443416605
2023-06-09 07:30:00,3.34102429233005,3.76074960705327
2023-06-09 07:40:00,4.831208855513,3.78619963535684
2023-06-09 07:50:00,5.81108675611079,2.85326685530221
2023-06-09 08:00:00,5.35040364257702,2.29233834822137
2023-06-09 08:10:00,5.79136378719413,4.61671920529246
2023-06-09 08:20:00,2.99843105438048,2.39569338159637
2023-06-09 08:30:00,3.94413495128195,5.19278304442398
2023-06-09 08:40:00,5.70128241368081,3.34828042548856
2023-06-09 08:50:00,5.86124239947841,5.62799903288426
2023-06-09 09:00:00,5.50676585653326,6.25355353699103
2023-06-09 09:10:00,4.68783944252992,3.36953980152928
2023-06-09 09:20:00,3.27531658127843,6.42742372117096
2023-06-09 09:30:00,5.56239891189448,6.46061467039189
2023-06-09 09:40:00,5.0708972425482,6.34539567011233
2023-06-09 09:50:00,6.3000783732781,5.15953696473898
2023-06-09 10:00:00,4.35488611502423,4.29589820342299
2023-06-09 10:10:00,6.17602507260847,4.42725677282528
2023-06-09 10:20:00,5.35190089280776,3.95131467495828
2023-06-09 10:30:00,4.75600665942979,7.68923609278711
2023-06-09 10:40:00,3.22306541361371,2.95941591742169
2023-06-09 10:50:00,3.61741467753906,5.65701167876034
2023-06-09 11:00:00,5.29420211488106,4.35431515580258
2023-06-09 11:10:00,3.18576165271848,5.20159555846809
2023-06-09 11:20:00,4.62006678208736,4.49990353222791
2023-06-09 11:30:00,6.04234302001622,4.97814716727219
2023-06-09 11:40:00,4.66394859543426,4.08682363292904
2023-06-09 11:50:00,6.52235418820845,5.29684714591768
2023-06-09 12:00:00,5.63750490425676,4.32513551824687
2023-06-09 12:10:00,5.527147131605,6.51940818353895
2023-06-09 12:20:00,4.15224555222409,3.96192618047933
2023-06-09 12:30:00,4.49003989045475,6.2853613962905
2023-06-09 12:40:00,5.00324488889087,6.01759379114181
2023-06-09 12:50:00,5.20894276388539,3.93662636221501
2023-06-09 13:00:00,5.57884531928045,5.88392878676757
2023-06-09 13:10:00,4.46874022226718,6.8546233290213
2023-06-09 13:20:00,5.54135914398168,5.93906359751131
2023-06-09 13:30:00,4.3192554017075,6.40196250598379
2023-06-09 13:40:00,5.1738255829101,5.99999207593943
2023-06-09 13:50:00,5.74677105264585,4.5212663522702
2023-06-09 14:00:00,4.85073640780921,5.8311252492392
2023-06-09 14:10:00,4.38100165254835,5.06032568651856
2023-06-09 14:20:00,5.33811910127965,4.44535735812817
2023-06-09 14:30:00,6.11642276777026,4.6408248019643
2023-06-09 14:40:00,5.4021290568538,4.71173204806151
2023-06-09 14:50:00,5.02061221941093,5.16760158452322
2023-06-09 15:00:00,5.20278425895642,1.95286074330546
2023-06-09 15:10:00,4.47876311012038,5.41876234086305
2023-06-09 15:20:00,4.88960356383963,4.52507025740911
2023-06-09 15:30:00,5.30962694905458,5.63254089765427
2023-06-09 15:40:00,5.39796936670243,4.36867890033959
2023-06-09 15:50:00,4.75983736939347,5.50629307101483
2023-06-09 16:00:00,4.34563746306683,6.11496361892754
2023-06-09 16:10:00,5.72871159580432,5.01533356619374
2023-06-09 16:20:00,4.77969459753997,6.40593956566608
2023-06-09 16:30:00,5.36041671356664,5.45596925929959
2023-06-09 16:40:00,4.91593551803447,5.3647795618174
2023-06-09 16:50:00,4.71742135203851,6.28672993663364
2023-06-09 17:00:00,3.85278107642848,7.22620589975707
2023-06-09 17:10:00,2.53608663785223,6.89954528717188
2023-06-09 17:20:00,4.51928408743542,9.25395811191697
2023-06-09 17:30:00,5.77360755784717,9.96891840050341
2023-06-09 17:40:00,5.15444488220945,8.80222913396781
2023-06-09 17:50:00,5.47696495069494,7.74228050332203
2023-06-09 18:00:00,4.35965017835761,8.63002973028004
2023-06-09 18:10:00,4.74070860477826,9.0146358213969
2023-06-09 18:20:00,6.40318133890079,7.71487130333892
2023-06-09 18:30:00,4.37513600465546,9.28506166314436
2023-06-09 18:40:00,4.09390449455115,8.1821506764192
2023-06-09 18:50:00,4.7239412208234,7.32329303818559
2023-06-09 19:00:00,6.31356067995066,9.09858070003264
2023-06-09 19:10:00,6.20509146979137,8.22189874264028
2023-06-09 19:20:00,5.30408509550877,8.38018401413295
2023-06-09 19:30:00,6.83005726210313,6.98917917109833
2023-06-09 19:40:00,6.87430809411922,8.13081777079681
2023-06-09 19:50:00,3.21798258741592,7.66794194333403
2023-06-09 20:00:00,5.48620582914766,9.25551965174959
2023-06-09 20:10:00,5.1710407057125,6.91498214895021
2023-06-09 20:20:00,4.23464409871228,8.3503999955182
2023-06-09 20:30:00,4.05044342243322,7.5932332032759
2023-06-09 20:40:00,5.7129568552225,9.57088691815715
2023-06-09 20:50:00,5.30724581799426,7.70871550913694
2023-06-09 21:00:00,6.0219753874309,9.8689828944865
2023-06-09 21:10:00,6.86860962388643,8.55835717952499
2023-06-09 21:20:00,5.55937257412778,8.06095235354256
2023-06-09 21:30:00,4.1477312994868,9.25557692633379
2023-06-09 21:40:00,4.64759489815698,5.26556410092633
2023-06-09 21:50:00,4.31795135197937,8.12756653312111
2023-06-09 22:00:00,5.64290081999507,2.57161385227927
2023-06-09 22:10:00,4.94994417099635,5.09165994644537
2023-06-09 22:20:00,5.3184512416033,4.663117988303
2023-06-09 22:30:00,5.33633506302682,6.42817273985427
2023-06-09 22:40:00,6.03117804128645,3.12004398947483
2023-06-09 22:50:00,4.30692012598615,5.03659257940363
2023-06-09 23:00:00,5.27829492098384,4.34219522199488
2023-06-09 23:10:00,3.17186748643003,4.44880317803257
2023-06-09 23:20:00,5.92672512236082,4.98391502209575
2023-06-09 23:30:00,7.41617529736386,5.79076703556259
2023-06-09 23:40:00,5.41722244381141,4.35206020170535
2023-06-09 23:50:00,4.63091144174514,3.45971724290382
2023-06-10,5.44176341499639,4.3181107538106
2023-06-10 00:10:00,6.14146521882748,4.22063307570522
2023-06-10 00:20:00,5.31496850825781,5.32506412056333
2023-06-10 00:30:00,5.27701135265727,5.62596306834754
2023-06-10 00:40:00,4.44919864756007,2.93087219268395
2023-06-10 00:50:00,5.88468472817625,4.96825486934195
2023-06-10 01:00:00,5.64112435338274,5.22566223357302
2023-06-10 01:10:00,3.37909324055695,3.67497930449666
2023-06-10 01:20:00,5.46714396916362,5.15722589693078
2023-06-10 01:30:00,6.13090160451125,5.89941582341137
2023-06-10 01:40:00,3.77030457851346,4.5703307490678
2023-06-10 01:50:00,5.98314432911478,5.06616580132894
2023-06-10 02:00:00,3.91038842856391,4.80708132276753
2023-06-10 02:10:00,3.43323942551291,5.38230077649876
2023-06-10 02:20:00,5.29004418030107,4.20468364992193
2023-06-10 02:30:00,5.54194111087848,4.72979898952491
2023-06-10 02:40:00,6.2647886558235,5.88997757064556
2023-06-10 02:50:00,5.66777145202046,4.52045832979064
2023-06-10 03:00:00,2.94675525849913,3.33784512047954
2023-06-10 03:10:00,4.29656277266,5.43058008706325
2023-06-10 03:20:00,3.97924690209637,6.32753855735743
2023-06-10 03:30:00,6.14425452794942,4.26987164372796
2023-06-10 03:40:00,5.98875115441666,3.10626281312539
2023-06-10 03:50:00,3.81501708605802,6.17034064541765
2023-06-10 04:00:00,5.27224862118747,4.62516890562389
2023-06-10 04:10:00,5.1215063328347,4.26091019581465
2023-06-10 04:20:00,5.02486685778076,6.21765777560065
2023-06-10 04:30:00,5.90210612734899,5.13566616513208
2023-06-10 04:40:00,4.48316787382708,5.65071182994236
2023-06-10 04:50:00,2.60575849766716,5.17356680587576
2023-06-10 05:00:00,5.02833707600732,6.92159431312226
2023-06-10 05:10:00,5.34569289712592,5.18817505573469
2023-06-10 05:20:00,4.26210899509651,5.90256074793147
2023-06-10 05:30:00,6.65818831978673,4.7819251939458
2023-06-10 05:40:00,2.84516380976461,5.06966771008574
2023-06-10 05:50:00,4.94862391838407,6.84411742187583
2023-06-10 06:00:00,4.08107115446363,5.78552901201212
2023-06-10 06:10:00,3.432312952686,4.93949788811121
2023-06-10 06:20:00,4.25764440170823,4.8245288395297
2023-06-10 06:30:00,5.93261734493504,7.55692400603351
2023-06-10 06:40:00,7.55621294899098,3.61450770565769
2023-06-10 06:50:00,4.76107464194926,5.85896739398915
2023-06-10 07:00:00,4.52718607198095,2.67448952814545
2023-06-10 07:10:00,5.19012699387709,2.94704383761361
2023-06-10 07:20:00,5.02773497316474,4.40886640037427
2023-06-10 07:30:00,2.46008969816123,2.79973593422733
2023-06-10 07:40:00,5.22891477780189,2.40840336622519
2023-06-10 07:50:00,3.89639247129733,3.03605889863224
2023-06-10 08:00:00,4.69333577145965,4.31463955355559
2023-06-10 08:10:00,2.79472427241171,4.16152594515028
2023-06-10 08:20:00,4.76218488078039,1.99745887070829
2023-06-10 08:30:00,6.20376773489506,3.71664541685958
2023-06-10 08:40:00,3.07981130488764,4.78111193519142
2023-06-10 08:50:00,5.90043255902213,5.40888935990289
2023-06-10 09:00:00,2.55928120170525,4.95412365067274
2023-06-10 09:10:00,5.38289245489446,5.50930705830167
2023-06-10 09:20:00,1.97923256647627,3.84164322527752
2023-06-10 09:30:00,2.61393513243511,5.61437379700496
2023-06-10 09:40:00,2.24582315386988,7.21916082739162
2023-06-10 09:50:00,3.97606831602916,4.36434941245323
2023-06-10 10:00:00,1.49691836135044,5.86533541477822
2023-06-10 10:10:00,1.47529873170394,6.23770885358192
2023-06-10 10:20:00,2.43146112315447,4.02186780516081
2023-06-10 10:30:00,3.82248650258193,4.4736149818267
2023-06-10 10:40:00,2.46547865042006,6.00734523435714
2023-06-10 10:50:00,3.81755290139123,4.40404613627951
2023-06-10 11:00:00,3.94117690036645,2.99741363555753
2023-06-10 11:10:00,3.93567000219475,3.95325272341958
2023-06-10 11:20:00,2.28287984941735,5.41303997627593
2023-06-10 11:30:00,2.55185159627683,4.13270070401137
2023-06-10 11:40:00,0.574477068956645,3.83363201403032
2023-06-10 11:50:00,1.76193025049969,5.07054713333762
2023-06-10 12:00:00,4.2452169161718,3.58240203947192
2023-06-10 12:10:00,2.99364887750198,3.67403058532368
2023-06-10 12:20:00,3.22524058026071,6.30656180638317
2023-06-10 12:30:00,2.99319944328034,6.96308474760571
2023-06-10 12:40:00,3.95427614371067,3.74307238708004
2023-06-10 12:50:00,3.00010925528789,4.19332000572911
2023-06-10 13:00:00,2.51023202548078,3.69828403706355
2023-06-10 13:10:00,3.37251319913087,5.97287050277938
2023-06-10 13:20:00,4.36320047143361,5.9221974651827
2023-06-10 13:30:00,3.30490789797922,4.3616708560024
2023-06-10 13:40:00,4.03985084361753,4.84051044937723
2023-06-10 13:50:00,3.44886659240215,5.47161184696696
2023-06-10 14:00:00,2.36143645720219,6.06089535202868
2023-06-10 14:10:00,1.50312161239915,5.20940440138029
2023-06-10 14:20:00,3.28015347982147,4.63667789491334
2023-06-10 14:30:00,2.57103202174771,6.13113906925077
2023-06-10 14:40:00,2.14016504007896,5.15176472085402
2023-06-10 14:50:00,3.45318993462628,3.37972134673825
2023-06-10 15:00:00,2.9389063705306,4.81885297029939
2023-06-10 15:10:00,2.71411524832023,5.72393128159645
2023-06-10 15:20:00,2.89029765757398,3.72798768274678
2023-06-10 15:30:00,4.07204303797103,5.60872655111081
2023-06-10 15:40:00,3.39789855494416,5.21104627321715
2023-06-10 15:50:00,2.11045901135573,4.46752597794954
2023-06-10 16:00:00,2.42529213187413,5.61807643381611
2023-06-10 16:10:00,3.86466090212476,3.78412301859368
2023-06-10 16:20:00,4.12087238527742,5.88561078473088
2023-06-10 16:30:00,3.20289955017334,5.17278280090626
2023-06-10 16:40:00,4.03787667362624,5.59935177690259
2023-06-10 16:50:00,4.15902298452652,6.15712461107765
2023-06-10 17:00:00,4.40642489958672,4.54386745051124
2023-06-10 17:10:00,3.66961581597414,4.25620853470579
2023-06-10 17:20:00,5.28754317017009,4.41475367528751
2023-06-10 17:30:00,4.65105697176894,7.35495810650654
2023-06-10 17:40:00,5.63237621119227,4.64465081491195
2023-06-10 17:50:00,4.59054050605927,5.04086605966091
2023-06-10 18:00:00,4.50650911792692,3.56006944982987
2023-06-10 18:10:00,6.24733567617056,4.28105649313017
2023-06-10 18:20:00,4.20571250225409,4.2863203683163
2023-06-10 18:30:00,5.83421348128608,2.98334067239197
2023-06-10 18:40:00,4.75684440179356,3.64060033085077
2023-06-10 18:50:00,5.94143219774407,5.99184356638238
2023-06-10 19:00:00,4.49868280407223,4.35063129654839
2023-06-10 19:10:00,4.22064971106884,4.90350954536343
2023-06-10 19:20:00,6.51622483787001,4.27647982027982
2023-06-10 19:30:00,5.90009203793908,3.581384093352
2023-06-10 19:40:00,4.0525335988874,4.49483326497033
2023-06-10 19:50:00,5.80760668078517,5.8804188430039
2023-06-10 20:00:00,4.70107521901262,3.47685164391358
2023-06-10 20:10:00,3.43889339466037,5.57461803017919
2023-06-10 20:20:00,5.64586889366454,4.72928301376289
2023-06-10 20:30:00,6.02814344014849,5.16274396427908
2023-06-10 20:40:00,3.9717035167982,4.20446956016623
2023-06-10 20:50:00,4.83728265968678,5.03017355236851
2023-06-10 21:00:00,6.13132990393172,4.97801274860821
2023-06-10 21:10:00,2.97461792641459,6.56565020755109
2023-06-10 21:20:00,5.06908329171704,5.18349029346323
2023-06-10 21:30:00,4.99654549530349,4.03627353710046
2023-06-10 21:40:00,4.86943048301976,3.68269871740166
2023-06-10 21:50:00,6.48645537130504,4.34021394362287
2023-06-10 22:00:00,4.53730213078338,4.57457997582737
2023-06-10 22:10:00,4.7807309559293,4.70229314125316
2023-06-10 22:20:00,5.61444973703898,4.93950627646285
2023-06-10 22:30:00,5.66188036449741,4.75988661133271
2023-06-10 22:40:00,6.54804615637721,4.51096283931757
2023-06-10 22:50:00,4.35293505973625,4.38653922215527
2023-06-10 23:00:00,6.17345974873565,5.97732777136513
2023-06-10 23:10:00,4.3876790360551,5.62852528153098
2023-06-10 23:20:00,6.10344775036637,6.30127368049244
2023-06-10 23:30:00,5.67219988048586,4.74818046991684
2023-06-10 23:40:00,5.30238222588817,4.32968972050392
2023-06-10 23:50:00,5.3891147250172,5.47425239904805
2023-06-11,4.70995859613146,5.05219254351457
2023-06-11 00:10:00,3.70305650808287,3.68847607597609
2023-06-11 00:20:00,3.43613742966405,4.89178544442055
2023-06-11 00:30:00,5.55282426709119,6.07881094257264
2023-06-11 00:40:00,2.61959737701505,5.65657413523553
2023-06-11 00:50:00,3.07339915783963,5.72634616526755
2023-06-11 01:00:00,3.68501551415626,4.79335897877459
2023-06-11 01:10:00,5.46811302488232,6.85612946807889
2023-06-11 01:20:00,4.70581979139402,5.72027762479526
2023-06-11 01:30:00,4.46477072117852,5.12628371832791
2023-06-11 01:40:00,5.27980493706002,6.98396046555068
2023-06-11 01:50:00,5.70956438380125,5.55048059522846
2023-06-11 02:00:00,5.15372026433807,4.50292552316853
2023-06-11 02:10:00,5.06230220005918,5.73688714820556
2023-06-11 02:20:00,5.69229639185214,5.12304339937495
2023-06-11 02:30:00,5.01942866841674,6.02747090832216
2023-06-11 02:40:00,5.04915254891887,5.16003903080038
2023-06-11 02:50:00,4.04235892789801,5.93685984832338
2023-06-11 03:00:00,5.17706894008353,5.49085234098297
2023-06-11 03:10:00,3.13330569100132,4.21416625503882
2023-06-11 03:20:00,4.30029720926194,4.89874746615167
2023-06-11 03:30:00,5.62794132322418,4.37265142222391
2023-06-11 03:40:00,6.03512247810243,4.75281539357746
2023-06-11 03:50:00,6.34171272802703,3.33598326973802
2023-06-11 04:00:00,4.75330197659775,5.03003402633628
2023-06-11 04:10:00,5.83231117857819,4.92205483266082
2023-06-11 04:20:00,4.60136300012206,5.79247270790633
2023-06-11 04:30:00,4.25703691619224,5.57254851603862
2023-06-11 04:40:00,4.55229917062473,6.68408688900436
2023-06-11 04:50:00,5.93204231094367,5.095297427335
2023-06-11 05:00:00,4.38478977623446,5.59809984222812
2023-06-11 05:10:00,5.24174548670612,4.95091881292314
2023-06-11 05:20:00,4.74163416869283,4.16125347780817
2023-06-11 05:30:00,5.45805250017044,5.40673068243916
2023-06-11 05:40:00,4.2416543879936,6.15161289910833
2023-06-11 05:50:00,5.05867747943104,6.89648384717869
2023-06-11 06:00:00,5.32592481797338,4.03435295200695
2023-06-11 06:10:00,3.30343078267331,4.8104435360973
2023-06-11 06:20:00,5.33495483878264,5.01640206873085
2023-06-11 06:30:00,7.15449341227364,4.82844152305483
2023-06-11 06:40:00,4.90309019173991,4.80905482230521
2023-06-11 06:50:00,4.52654246214059,3.92237629133751
2023-06-11 07:00:00,3.86240256301327,2.73379681487111
2023-06-11 07:10:00,6.32950002845852,2.6881911604202
2023-06-11 07:20:00,4.41826971179826,2.02175980176684
2023-06-11 07:30:00,4.45878609269108,3.67640674818055
2023-06-11 07:40:00,5.15093455338348,3.37844340494903
2023-06-11 07:50:00,5.5231625563964,4.81822812608319
2023-06-11 08:00:00,4.47223729444196,0.699145896075426
2023-06-11 08:10:00,4.30321728942862,2.80885397810014
2023-06-11 08:20:00,6.80949090259658,3.6577236648539
2023-06-11 08:30:00,5.24767110582802,2.96651038126883
2023-06-11 08:40:00,5.42834234553927,4.618598167698
2023-06-11 08:50:00,5.2919065430211,5.18881598671369
2023-06-11 09:00:00,3.37773842031247,5.32281003293974
2023-06-11 09:10:00,3.13872005402612,5.40493425944162
2023-06-11 09:20:00,3.39370935393622,4.01644493300578
2023-06-11 09:30:00,4.23003537394147,6.78104289163092
2023-06-11 09:40:00,4.51100967594325,5.00839116253905
2023-06-11 09:50:00,2.24958919040646,5.29533987562222
2023-06-11 10:00:00,4.056367020399,5.12495386647165
2023-06-11 10:10:00,2.87795333266751,5.67580657593035
2023-06-11 10:20:00,2.0626664854457,4.83087886927955
2023-06-11 10:30:00,3.97507742986279,3.25336894204736
2023-06-11 10:40:00,4.3032089310938,4.37017427804722
2023-06-11 10:50:00,1.69956470478671,4.51964763559385
2023-06-11 11:00:00,3.212477154887,4.5412147024634
2023-06-11 11:10:00,3.77383461868383,4.08316529858241
2023-06-11 11:20:00,2.09174543409155,3.92037663302148
2023-06-11 11:30:00,3.11374228650301,6.27688583736473
2023-06-11 11:40:00,2.30640771935671,3.390852324476
2023-06-11 11:50:00,2.35908880428604,3.49378459929935
2023-06-11 12:00:00,3.18484671661294,4.72085497553316
2023-06-11 12:10:00,1.77241827912753,5.64473098726328
2023-06-11 12:20:00,2.09684991294876,5.09245071495978
2023-06-11 12:30:00,2.28011109150323,3.79366592840695
2023-06-11 12:40:00,4.39890181981283,3.69529359184516
2023-06-11 12:50:00,2.82156163514952,3.65423449494665
2023-06-11 13:00:00,1.50617899488844,5.5448317384079
2023-06-11 13:10:00,2.0052428440242,4.63962424234129
2023-06-11 13:20:00,3.83144652109689,5.62319184145943
2023-06-11 13:30:00,3.17320206830229,3.2936430871246
2023-06-11 13:40:00,4.11845950789511,6.69790919627336
2023-06-11 13:50:00,2.96133384826544,4.48907671410375
2023-06-11 14:00:00,3.66048350998284,4.43957485264278
2023-06-11 14:10:00,2.67667324119488,4.76347836376727
2023-06-11 14:20:00,2.57381347377819,5.18585646420102
2023-06-11 14:30:00,4.05193494518213,5.62895128125963
2023-06-11 14:40:00,3.59580267686643,4.7026451485515
2023-06-11 14:50:00,3.38710312436274,4.01053708191505
2023-06-11 15:00:00,3.5470138704038,6.28010505825382
2023-06-11 15:10:00,2.3205394194135,4.99110180402417
2023-06-11 15:20:00,1.98966036773462,6.43733098974226
2023-06-11 15:30:00,3.49236752721125,3.29615712977789
2023-06-11 15:40:00,2.65942441220241,4.92557268010044
2023-06-11 15:50:00,3.68220056593647,5.26647872503569
2023-06-11 16:00:00,3.52650038340257,3.86092612020081
2023-06-11 16:10:00,3.61790824545406,3.38136109159888
2023-06-11 16:20:00,1.95827460196505,6.17530330278034
2023-06-11 16:30:00,2.6482223500533,4.8328322354872
2023-06-11 16:40:00,2.73728325506812,5.71699126916982
2023-06-11 16:50:00,2.54850451739182,4.75985786512646
2023-06-11 17:00:00,3.81455924910974,5.70728168057147
2023-06-11 17:10:00,5.90267548872197,5.19248303908935
2023-06-11 17:20:00,4.04073096423796,5.91549273015526
2023-06-11 17:30:00,2.89495192980518,6.15617679060026
2023-06-11 17:40:00,4.36123001393744,5.06150964134191
2023-06-11 17:50:00,4.72948189871116,5.50867960289517
2023-06-11 18:00:00,5.00749073704019,5.3438360893579
2023-06-11 18:10:00,5.10487768911297,5.433721530621
2023-06-11 18:20:00,6.74589924218678,6.19547942164606
2023-06-11 18:30:00,3.27083085954262,4.55956521870202
2023-06-11 18:40:00,5.42102489907546,4.41343535046227
2023-06-11 18:50:00,5.11738467280234,6.03521156728336
2023-06-11 19:00:00,6.22941536934736,4.07993103071708
2023-06-11 19:10:00,4.87860002781504,3.33047230616264
2023-06-11 19:20:00,3.74990566421673,4.61721470339532
2023-06-11 19:30:00,6.24377301286186,4.91442877515552
2023-06-11 19:40:00,4.82174615759541,3.22976300755657
2023-06-11 19:50:00,5.28760510466075,5.31942457869586
2023-06-11 20:00:00,4.67328918923618,5.03603288842914
2023-06-11 20:10:00,5.43749257180412,4.17577802005895
2023-06-11 20:20:00,3.83259407676205,5.16201738992394
2023-06-11 20:30:00,3.83656009140801,5.68432657895977
2023-06-11 20:40:00,3.98560483670337,4.835082121632
2023-06-11 20:50:00,4.92518938436986,3.7145995456147
2023-06-11 21:00:00,4.56357005285424,5.17087081757147
2023-06-11 21:10:00,4.45632545998691,5.81590220403972
2023-06-11 21:20:00,5.42845293021204,4.90486356937273
2023-06-11 21:30:00,5.58434177566419,4.28717278191076
2023-06-11 21:40:00,5.13680410366467,4.68835597663219
2023-06-11 21:50:00,7.37987385690488,4.47363418643587
2023-06-11 22:00:00,5.02994611799709,6.3845471860391
2023-06-11 22:10:00,4.66981565296299,5.97704065134767
2023-06-11 22:20:00,5.65835820473012,4.97858665273486
2023-06-11 22:30:00,4.76895628892809,4.71073445477614
2023-06-11 22:40:00,5.63207857780669,5.7896559895296
2023-06-11 22:50:00,5.74899154786755,4.04947695994603
2023-06-11 23:00:00,5.60524729423314,6.02634099793566
2023-06-11 23:10:00,5.37430883876142,4.59364700326894
2023-06-11 23:20:00,3.49151056771798,5.29555917526448
2023-06-11 23:30:00,3.95368805302074,3.73201754911382
2023-06-11 23:40:00,8.43022752494399,5.35703006721592
2023-06-11 23:50:00,5.30446662991689,5.71783186426478
2023-06-12,4.2196330831836,4.04223132484309
2023-06-12 00:10:00,6.05321049838969,5.53788070729885
2023-06-12 00:20:00,5.77543013504234,6.17994580063133
2023-06-12 00:30:00,5.0023576279271,5.71494695401403
2023-06-12 00:40:00,5.64962027598593,6.24377936494189
2023-06-12 00:50:00,4.69636198506522,4.57711496029694
2023-06-12 01:00:00,7.19206369824539,4.15702030288539
2023-06-12 01:10:00,2.96874661107143,5.58012764443809
2023-06-12 01:20:00,4.7784413864596,4.41597929277683
2023-06-12 01:30:00,5.36686662595814,6.4593852440561
2023-06-12 01:40:00,5.24124411778789,3.86497438897231
2023-06-12 01:50:00,4.94499745863711,4.99123945043313
2023-06-12 02:00:00,3.75042910888713,5.21299103046628
2023-06-12 02:10:00,4.98546196218881,5.60129786538709
2023-06-12 02:20:00,5.1937714094291,5.71391315101075
2023-06-12 02:30:00,4.09815113088018,5.33773789712933
2023-06-12 02:40:00,5.64722402139956,7.02167340349803
2023-06-12 02:50:00,3.90930377830067,6.36740286272502
2023-06-12 03:00:00,5.01193617036061,3.39311502740522
2023-06-12 03:10:00,4.37355519379006,4.27975329809777
2023-06-12 03:20:00,5.81214365505058,4.42626197263547
2023-06-12 03:30:00,3.36021731454721,5.91869128551465
2023-06-12 03:40:00,5.48399793170543,5.51250101670899
2023-06-12 03:50:00,4.30017546436443,4.9018094930636
2023-06-12 04:00:00,3.05978730673713,4.89891423080355
2023-06-12 04:10:00,3.36538767701282,5.14805684056031
2023-06-12 04:20:00,5.53736795167656,6.86598766092202
2023-06-12 04:30:00,6.19182884217695,4.14406434335545
2023-06-12 04:40:00,6.33790715690067,6.1025371981591
2023-06-12 04:50:00,5.34678759283826,6.31631146759964
2023-06-12 05:00:00,5.90130221161994,4.23570668841415
2023-06-12 05:10:00,4.09781330902436,3.54764228909335
2023-06-12 05:20:00,4.95017076437156,6.65072489040177
2023-06-12 05:30:00,5.75535223801318,4.8044489052828
2023-06-12 05:40:00,3.88788358460978,2.80691744903831
2023-06-12 05:50:00,3.45068055851573,4.71444720951055
2023-06-12 06:00:00,4.80926350427798,4.759995184614
2023-06-12 06:10:00,4.90266930791279,5.83793348088296
2023-06-12 06:20:00,4.68503014144289,4.93592593133913
2023-06-12 06:30:00,4.8738792477922,4.97392617083313
2023-06-12 06:40:00,5.42892933531254,5.00771830405609
2023-06-12 06:50:00,4.90499389294106,3.81699859519166
2023-06-12 07:00:00,6.68387330192698,3.59170439883883
2023-06-12 07:10:00,6.39060668328026,3.52238548564871
2023-06-12 07:20:00,6.83005458583825,2.53699103881983
2023-06-12 07:30:00,3.42509882027311,1.8865608883886
2023-06-12 07:40:00,5.51886856061748,2.18439293536188
2023-06-12 07:50:00,5.38447364687885,3.78860971350384
2023-06-12 08:00:00,4.25103807242485,1.27799791529034
2023-06-12 08:10:00,6.04500358834068,4.06437156026269
2023-06-12 08:20:00,4.63076790125257,2.46706680216406
2023-06-12 08:30:00,5.19038772379896,4.94332860453809
2023-06-12 08:40:00,5.71722429247997,4.42469042120168
2023-06-12 08:50:00,5.96380894680871,7.24288275718132
2023-06-12 09:00:00,3.22889161803493,4.16000966686867
2023-06-12 09:10:00,0.958818564543686,6.05085289392515
2023-06-12 09:20:00,2.57294433765282,4.35348421009886
2023-06-12 09:30:00,3.90547592308469,4.85685492123454
2023-06-12 09:40:00,4.05179175825928,4.27587443034636
2023-06-12 09:50:00,4.74715296650538,5.97099182498196
2023-06-12 10:00:00,3.47187608593901,6.17171335750433
2023-06-12 10:10:00,3.22849366878586,4.20746705033115
2023-06-12 10:20:00,3.42274707149847,4.78415981864806
2023-06-12 10:30:00,2.89934509222864,5.84708353357294
2023-06-12 10:40:00,3.8899988627199,3.32322702567575
2023-06-12 10:50:00,2.79763777855099,4.65544318548307
2023-06-12 11:00:00,2.74803777925549,4.88558574384245
2023-06-12 11:10:00,2.48116423635275,5.34194333896767
2023-06-12 11:20:00,0.797375274108519,5.07990380315746
2023-06-12 11:30:00,3.47814995355643,6.00639521207611
2023-06-12 11:40:00,2.86534295385799,4.0723561621909
2023-06-12 11:50:00,2.73288178870349,5.54857263175651
2023-06-12 12:00:00,1.63669050824694,5.2190611300602
2023-06-12 12:10:00,2.89966278159974,3.97501410028944
2023-06-12 12:20:00,4.13694547625243,3.80129227397851
2023-06-12 12:30:00,3.35328895003567,5.09785876365365
2023-06-12 12:40:00,4.43827318889715,3.10594387344007
2023-06-12 12:50:00,2.99360773903969,4.77004657478983
2023-06-12 13:00:00,3.82329963695671,3.57457012864878
2023-06-12 13:10:00,3.14813335432833,4.80650771505185
2023-06-12 13:20:00,4.25430273325944,3.2845854916376
2023-06-12 13:30:00,3.61391646043655,4.21071562063808
2023-06-12 13:40:00,3.21152754506909,5.28154416983875
2023-06-12 13:50:00,3.46629324668164,5.08569763532606
2023-06-12 14:00:00,2.92298788407127,4.97332266247583
2023-06-12 14:10:00,2.84831163587811,4.45628093126868
2023-06-12 14:20:00,1.30756608122307,4.21891672345507
2023-06-12 14:30:00,5.39441284607575,5.16434652722217
2023-06-12 14:40:00,3.74201337074469,6.05493482189476
2023-06-12 14:50:00,4.93554081851754,5.86984135134679
2023-06-12 15:00:00,3.54821752992777,5.58723710907953
2023-06-12 15:10:00,2.39988803228108,4.97782306450919
2023-06-12 15:20:00,2.13071488592182,2.6777184001404
2023-06-12 15:30:00,4.43179083062123,6.40844312592439
2023-06-12 15:40:00,4.70226225531352,4.11721491993715
2023-06-12 15:50:00,3.25662738600148,5.47189057038433
2023-06-12 16:00:00,4.81451506061914,5.15531673036345
2023-06-12 16:10:00,2.47504760409054,4.50791642265355
2023-06-12 16:20:00,1.18066825426498,4.59934791274191
2023-06-12 16:30:00,4.46244889603735,3.49721196984964
2023-06-12 16:40:00,0.86733951802639,4.96579107091344
2023-06-12 16:50:00,3.07079907731491,3.67260851912552
2023-06-12 17:00:00,4.83957025561801,7.28014595565841
2023-06-12 17:10:00,4.29971090278686,4.17751101640351
2023-06-12 17:20:00,5.59111665191766,5.99336254109501
2023-06-12 17:30:00,6.04336894766403,5.00411291329942
2023-06-12 17:40:00,3.86387507981515,4.63035380298487
2023-06-12 17:50:00,4.5341787128025,5.14639969525977
2023-06-12 18:00:00,3.90202857463296,4.50576088144331
2023-06-12 18:10:00,5.93882542359438,5.380093186298
2023-06-12 18:20:00,6.21362039543364,5.79540761430744
2023-06-12 18:30:00,6.39499714331874,5.37164760658246
2023-06-12 18:40:00,4.27167410326716,6.96217802205367
2023-06-12 18:50:00,6.0320966711879,4.39864419156052
2023-06-12 19:00:00,4.85002369852901,3.55508862704463
2023-06-12 19:10:00,5.97078785709948,5.49695949891764
2023-06-12 19:20:00,5.10481566947187,6.13529841038469
2023-06-12 19:30:00,4.62413171850175,5.12878054100949
2023-06-12 19:40:00,5.24139026576798,4.16883926486996
2023-06-12 19:50:00,3.84820804584142,4.5322260633467
2023-06-12 20:00:00,4.12510361580434,3.68832863292309
2023-06-12 20:10:00,5.8224391483879,6.49828173345894
2023-06-12 20:20:00,3.49553183082231,4.55792539671172
2023-06-12 20:30:00,2.72909455518218,4.69777217169744
2023-06-12 20:40:00,4.88147860556432,3.49548499871312
2023-06-12 20:50:00,5.23510405861856,5.11380056478506
2023-06-12 21:00:00,4.72314618919229,6.41904593655248
2023-06-12 21:10:00,5.3268995903046,5.50807451562005
2023-06-12 21:20:00,5.92708502026554,5.43645192071813
2023-06-12 21:30:00,5.63963935822441,6.79866202445418
2023-06-12 21:40:00,5.19388288312585,5.5326398578413
2023-06-12 21:50:00,4.56253520144716,4.35700871732875
2023-06-12 22:00:00,5.96407338106367,5.84029384139532
2023-06-12 22:10:00,5.43051626552522,3.9154463987541
2023-06-12 22:20:00,6.25788889400565,5.55409052408553
2023-06-12 22:30:00,5.36801298396061,3.79473974133432
2023-06-12 22:40:00,5.52808705995387,5.03631521378469
2023-06-12 22:50:00,5.48383043560962,2.5288765120754
2023-06-12 23:00:00,4.20320489648597,5.32861649024515
2023-06-12 23:10:00,4.8467131955846,3.53313945761619
2023-06-12 23:20:00,4.41266306800091,3.79329282760097
2023-06-12 23:30:00,4.91089209317797,4.65406625504431
2023-06-12 23:40:00,4.01195981994824,5.06075714215601
2023-06-12 23:50:00,5.67003425970297,3.63445386942741
2023-06-13,4.64400980377747,3.7046631278477
2023-06-13 00:10:00,6.68470672751703,5.82577302367229
2023-06-13 00:20:00,3.98849862929907,4.54690603219873
2023-06-13 00:30:00,6.53971762996255,5.06474710376693
2023-06-13 00:40:00,5.61619532741629,2.50493355943624
2023-06-13 00:50:00,4.74090612322216,4.88292169321857
2023-06-13 01:00:00,5.19440138844782,5.20242515414584
2023-06-13 01:10:00,4.1842361624171,5.87689364941856
2023-06-13 01:20:00,5.19505689421773,4.92030486330824
2023-06-13 01:30:00,5.49919255250635,5.43680086380652
2023-06-13 01:40:00,5.45140086462145,5.68630195900676
2023-06-13 01:50:00,5.61077630447163,5.35106550318551
2023-06-13 02:00:00,6.37710205557549,3.25042808926604
2023-06-13 02:10:00,3.40555554867587,3.77167001442985
2023-06-13 02:20:00,3.70680027840173,4.58838727390868
2023-06-13 02:30:00,5.40973527679903,6.13763874877122
2023-06-13 02:40:00,6.76227467476238,6.09871114702341
2023-06-13 02:50:00,4.49632332831849,4.00408552433933
2023-06-13 03:00:00,4.76620797275549,7.54697589463682
2023-06-13 03:10:00,4.95838531535416,2.82359948608055
2023-06-13 03:20:00,6.6649455452894,6.03120122419743
2023-06-13 03:30:00,6.06246508097608,5.42933223175782
2023-06-13 03:40:00,5.18250825438933,6.63417929085116
2023-06-13 03:50:00,4.84267182776079,4.33962491771949
2023-06-13 04:00:00,8.03353324888122,5.08728350547171
2023-06-13 04:10:00,5.41365336281154,3.92085535451287
2023-06-13 04:20:00,4.10063249103511,4.88506786642821
2023-06-13 04:30:00,6.28803957944174,5.78209549518766
2023-06-13 04:40:00,2.92663464699829,6.08896366777777
2023-06-13 04:50:00,4.63315427788933,4.59992090873633
2023-06-13 05:00:00,4.45542652637235,7.12328009902553
2023-06-13 05:10:00,4.97305274367468,4.29082173787285
2023-06-13 05:20:00,3.5587944516787,5.67523211805562
2023-06-13 05:30:00,4.24816147754664,5.48027478044096
2023-06-13 05:40:00,4.52560496307533,5.33669532673711
2023-06-13 05:50:00,3.95369473178932,5.69628449847607
2023-06-13 06:00:00,5.19907152568151,5.06744595880862
2023-06-13 06:10:00,5.36236860229818,4.33753830279093
2023-06-13 06:20:00,5.20987899454497,4.27426426049268
2023-06-13 06:30:00,4.92542752014809,6.05299352559251
2023-06-13 06:40:00,6.06450763253565,4.71341544253654
2023-06-13 06:50:00,5.53754925589647,3.94693593698317
2023-06-13 07:00:00,5.45821749748552,3.54282133771434
2023-06-13 07:10:00,5.33020609293895,1.80755480567796
2023-06-13 07:20:00,4.75102458106204,1.64862154854235
2023-06-13 07:30:00,3.73506615840158,1.50134889867608
2023-06-13 07:40:00,5.15062380325936,0.963101789315199
2023-06-13 07:50:00,6.90968764547674,0.960030154579241
2023-06-13 08:00:00,3.05020439916257,3.38450183228485
2023-06-13 08:10:00,5.71884506139464,2.74400866378583
2023-06-13 08:20:00,6.79551734610986,2.60821544230073
2023-06-13 08:30:00,4.83668624952647,5.38013624509537
2023-06-13 08:40:00,3.77391452697773,5.45652423994945
2023-06-13 08:50:00,4.51579965240045,3.35406404711593
2023-06-13 09:00:00,2.80638721882613,2.8225378885501
2023-06-13 09:10:00,4.07988492261121,3.847106718389
2023-06-13 09:20:00,2.74235225302468,3.53804146122395
2023-06-13 09:30:00,3.27654796630362,6.35277914713128
2023-06-13 09:40:00,2.71916803489937,4.04499006692971
2023-06-13 09:50:00,3.98955326324902,5.85995148223134
2023-06-13 10:00:00,4.21016753219862,5.79297360279172
2023-06-13 10:10:00,3.73146223670287,5.60022916269687
2023-06-13 10:20:00,3.41168651038097,4.76424245071431
2023-06-13 10:30:00,2.29155947021779,5.71045411639648
2023-06-13 10:40:00,2.60328696810242,5.5652970045909
2023-06-13 10:50:00,3.82915925026341,5.42614208485439
2023-06-13 11:00:00,5.52881503997778,5.87780181614275
2023-06-13 11:10:00,3.62229691070445,5.62558879281315
2023-06-13 11:20:00,3.93010360717698,5.34505017045018
2023-06-13 11:30:00,3.25468585997828,6.48749799223544
2023-06-13 11:40:00,3.49449748462548,4.77032817961074
2023-06-13 11:50:00,4.51034597174449,4.09730753781909
2023-06-13 12:00:00,4.15257969384283,5.41081701299864
2023-06-13 12:10:00,2.04710797440347,6.37320771066598
2023-06-13 12:20:00,3.35281616672047,4.95379268290961
2023-06-13 12:30:00,4.05410319662821,3.84622896470727
2023-06-13 12:40:00,1.85338682461307,4.37551452779229
2023-06-13 12:50:00,3.07662922715004,4.9484194163854
2023-06-13 13:00:00,2.86472609759576,2.97382201321859
2023-06-13 13:10:00,2.42974643262019,4.76643219774201
2023-06-13 13:20:00,4.15096358576279,5.00901978297779
2023-06-13 13:30:00,3.24045080043124,4.41066287520133
2023-06-13 13:40:00,5.02212670618435,5.37065069130476
2023-06-13 13:50:00,4.44408148256886,5.6739150297111
2023-06-13 14:00:00,2.71426260583937,3.50130627127958
2023-06-13 14:10:00,2.08372159314573,6.27771713622277
2023-06-13 14:20:00,4.16938792721419,5.64737167148041
2023-06-13 14:30:00,4.42776219945222,4.97067220677182
2023-06-13 14:40:00,3.60661988064742,4.93048546859047
2023-06-13 14:50:00,1.05542635432063,5.36249220509623
2023-06-13 15:00:00,3.7447023195823,4.53210015473956
2023-06-13 15:10:00,4.14876342222769,5.62717378714802
2023-06-13 15:20:00,4.02353017610688,5.70868230144537
2023-06-13 15:30:00,0.924287875038616,4.74616793814407
2023-06-13 15:40:00,2.52300878209694,6.56171899831809
2023-06-13 15:50:00,3.83090759701557,5.59218415839779
2023-06-13 16:00:00,3.01803463737061,5.09269546027703
2023-06-13 16:10:00,3.38850288273623,5.13712043343014
2023-06-13 16:20:00,3.43722747105285,7.15764318399711
2023-06-13 16:30:00,2.56022669437119,5.05389686980262
2023-06-13 16:40:00,2.86708830155051,6.75194913325696
2023-06-13 16:50:00,3.12722776532962,5.45345334653661
2023-06-13 17:00:00,5.26740694864111,4.4534985338788
2023-06-13 17:10:00,5.07817256335853,5.60443592974186
2023-06-13 17:20:00,5.35015199733361,4.5668360146895
2023-06-13 17:30:00,4.81241311066445,4.17073025560784
2023-06-13 17:40:00,4.96965570920711,3.72765754198119
2023-06-13 17:50:00,4.34673725112831,5.02970539559011
2023-06-13 18:00:00,4.87441177596037,6.75101242027022
2023-06-13 18:10:00,5.79625845305165,5.86549299208411
2023-06-13 18:20:00,5.28072904183552,5.1919182752159
2023-06-13 18:30:00,5.35399738150534,3.90903188570372
2023-06-13 18:40:00,3.63682201710323,6.17160380271423
2023-06-13 18:50:00,5.58507636841411,5.5776233319117
2023-06-13 19:00:00,5.11775570296814,4.40181184771335
2023-06-13 19:10:00,5.17589624893274,4.54914663501263
2023-06-13 19:20:00,5.07648756159843,4.55001368488834
2023-06-13 19:30:00,6.71314083740139,4.54453925708082
2023-06-13 19:40:00,7.32630704041114,5.00675590891544
2023-06-13 19:50:00,4.38780276491489,4.8999391986318
2023-06-13 20:00:00,5.15583075531553,3.03055500174188
2023-06-13 20:10:00,5.84538208557828,5.46583632779935
2023-06-13 20:20:00,3.52407801400208,4.37344777808052
2023-06-13 20:30:00,6.39128210902302,3.3066029163972
2023-06-13 20:40:00,3.97810724630035,5.88703935751253
2023-06-13 20:50:00,3.50108667105099,5.59638393702665
2023-06-13 21:00:00,5.57222433689131,5.65196377373959
2023-06-13 21:10:00,4.68496140662092,4.41789737356822
2023-06-13 21:20:00,4.65667391872383,5.26238904700102
2023-06-13 21:30:00,4.62175732595824,4.79422459341992
2023-06-13 21:40:00,3.6354493700392,6.27140358787793
2023-06-13 21:50:00,3.94835724524096,5.11411139902715
2023-06-13 22:00:00,3.36182919925382,5.26357648357383
2023-06-13 22:10:00,6.68660412117481,5.38352917268941
2023-06-13 22:20:00,4.64906716691296,5.03686976945476
2023-06-13 22:30:00,6.26340730728034,6.02249975671852
2023-06-13 22:40:00,5.27820380250724,5.77246116029051
2023-06-13 22:50:00,5.2389723640146,6.74920341432029
2023-06-13 23:00:00,5.13165628925161,7.92173571206515
2023-06-13 23:10:00,4.70912863145117,6.51026589420783
2023-06-13 23:20:00,4.75502348807248,5.1291147135853
2023-06-13 23:30:00,5.84398840351963,6.01031091394107
2023-06-13 23:40:00,5.07563319974388,2.76295920908539
2023-06-13 23:50:00,3.0276453872409,5.17581307560947
2023-06-14,4.62252726152668,5.40722521975777
2023-06-14 00:10:00,5.24272222483492,4.97024661931547
2023-06-14 00:20:00,3.67246293662554,4.91295238161321
2023-06-14 00:30:00,3.42195871317879,4.59499465834409
2023-06-14 00:40:00,3.97044213844623,4.53282306045465
2023-06-14 00:50:00,5.80307175045326,3.4864627399653
2023-06-14 01:00:00,3.8762718868311,3.43950191845601
2023-06-14 01:10:00,4.24534052980331,5.64491654968663
2023-06-14 01:20:00,6.50090628100726,4.343654682809
2023-06-14 01:30:00,5.72313257332236,4.51923804732511
2023-06-14 01:40:00,4.32910441024386,5.59052559071773
2023-06-14 01:50:00,4.15390238826284,5.68254153563311
2023-06-14 02:00:00,4.77802271613186,3.97543822402279
2023-06-14 02:10:00,3.70435417990619,5.06159334490975
2023-06-14 02:20:00,4.57928165429289,3.57748439352555
2023-06-14 02:30:00,6.31859122933864,4.97452973686563
2023-06-14 02:40:00,4.92658270093149,4.80695951612618
2023-06-14 02:50:00,5.54661099201251,3.95378699291771
2023-06-14 03:00:00,6.33408104335707,6.46934073420987
2023-06-14 03:10:00,5.51175346861865,4.72138298198153
2023-06-14 03:20:00,4.4909476822908,5.65012735004986
2023-06-14 03:30:00,6.06754551165079,4.61247636211517
2023-06-14 03:40:00,4.5273932938663,5.66498144122961
2023-06-14 03:50:00,5.14115210097379,3.5128497396359
2023-06-14 04:00:00,3.31561300294776,4.35699706565648
2023-06-14 04:10:00,5.64200917059328,6.13464230710667
2023-06-14 04:20:00,4.45802011266693,5.52719440153153
2023-06-14 04:30:00,4.91225932244756,6.6856063708887
2023-06-14 04:40:00,5.54512002697388,5.69055622595261
2023-06-14 04:50:00,5.68955989467148,5.44263431149853
2023-06-14 05:00:00,4.00157670850173,5.32361037177028
2023-06-14 05:10:00,5.21351438704611,3.66350970302607
2023-06-14 05:20:00,5.13074248998452,3.73966452351804
2023-06-14 05:30:00,5.80287518871015,4.60428978473666
2023-06-14 05:40:00,4.37789277885784,5.8762584067713
2023-06-14 05:50:00,4.68603862467718,5.48076995281297
2023-06-14 06:00:00,6.48851342194173,5.15592323297414
2023-06-14 06:10:00,3.42808172158992,5.3714511023009
2023-06-14 06:20:00,5.84995709095287,4.99805364343101
2023-06-14 06:30:00,3.769869569471,5.08754702862211
2023-06-14 06:40:00,3.69059904059957,4.88580515981072
2023-06-14 06:50:00,5.81695791756629,3.5900565415343
2023-06-14 07:00:00,3.98094699424635,1.97752160079035
2023-06-14 07:10:00,2.60429668421966,2.60569830248221
2023-06-14 07:20:00,4.28009353134791,3.57686716075721
2023-06-14 07:30:00,4.68972263850583,2.69186783871033
2023-06-14 07:40:00,5.54040143660311,4.46681717373613
2023-06-14 07:50:00,5.95920305404224,3.76397322173754
2023-06-14 08:00:00,3.02052018574663,3.17952692672928
2023-06-14 08:10:00,5.46714753488759,3.07596565815235
2023-06-14 08:20:00,5.12824990005287,3.2444949006134
2023-06-14 08:30:00,5.04410648650854,4.88932811824776
2023-06-14 08:40:00,3.30713362280106,5.37482764999695
2023-06-14 08:50:00,4.27656958908321,3.74042442109708
2023-06-14 09:00:00,2.1420197909848,4.21328022960589
2023-06-14 09:10:00,3.81666721681753,5.65561001054258
2023-06-14 09:20:00,2.44101884641999,5.4868906917928
2023-06-14 09:30:00,4.43150841502084,5.66418704065586
2023-06-14 09:40:00,3.57428055201946,4.99264648452383
2023-06-14 09:50:00,2.76842405509151,4.55523096194125
2023-06-14 10:00:00,2.43387478436354,3.04373925873972
2023-06-14 10:10:00,3.26934498612053,3.50712451618574
2023-06-14 10:20:00,4.6064051283081,5.56807075963987
2023-06-14 10:30:00,3.01445499960974,4.07242703264937
2023-06-14 10:40:00,2.72459453432445,2.3937740701263
2023-06-14 10:50:00,4.72634573834264,5.8070778660069
2023-06-14 11:00:00,3.50338632972162,5.96441832096154
2023-06-14 11:10:00,3.96720264679394,2.90421643469673
2023-06-14 11:20:00,3.09059203503121,3.77098726215962
2023-06-14 11:30:00,2.47832127639691,4.78644181578003
2023-06-14 11:40:00,2.53914533139219,3.4892835289786
2023-06-14 11:50:00,2.70356010937828,4.03137114507329
2023-06-14 12:00:00,3.51656974189029,5.00500393711961
2023-06-14 12:10:00,0.946132684041404,5.51988406446206
2023-06-14 12:20:00,5.08046140797725,5.76397000835278
2023-06-14 12:30:00,3.45200945265514,6.25455450336595
2023-06-14 12:40:00,3.32147449566363,5.07333641807673
2023-06-14 12:50:00,0.677598740018865,5.42564916557925
2023-06-14 13:00:00,4.32748823298121,5.80189861831244
2023-06-14 13:10:00,2.98095902439871,5.16466407710619
2023-06-14 13:20:00,3.20587729368707,7.29035301122607
2023-06-14 13:30:00,3.28919539057976,5.36494884330522
2023-06-14 13:40:00,2.62465127438122,5.49789152337208
2023-06-14 13:50:00,3.85440450886529,3.6766020203783
2023-06-14 14:00:00,0.821187780587032,6.46215366750994
2023-06-14 14:10:00,3.45500363031716,4.66853936603291
2023-06-14 14:20:00,4.57824979687562,5.05323071234307
2023-06-14 14:30:00,0.873310031045921,3.73902604764914
2023-06-14 14:40:00,3.56037221252399,5.99506992540301
2023-06-14 14:50:00,3.68234191316907,6.07517724313989
2023-06-14 15:00:00,2.59260602816261,5.71067587713482
2023-06-14 15:10:00,5.65766268011591,5.40995711567395
2023-06-14 15:20:00,2.52470203058007,4.35866927238744
2023-06-14 15:30:00,4.6100344724302,3.2100899989699
2023-06-14 15:40:00,1.97809713751501,7.34566154298524
2023-06-14 15:50:00,4.14946197395009,3.9614964695605
2023-06-14 16:00:00,2.1965504922071,5.39153390807718
2023-06-14 16:10:00,4.52802132977425,4.67092875728339
2023-06-14 16:20:00,4.24829652063233,4.79744869784715
2023-06-14 16:30:00,3.97329253908469,6.16427619347109
2023-06-14 16:40:00,3.07482097985127,5.80527752873837
2023-06-14 16:50:00,3.60729730475651,3.84072463604562
2023-06-14 17:00:00,2.88673961763976,6.25796101384682
2023-06-14 17:10:00,7.59530561290752,4.64251398309257
2023-06-14 17:20:00,3.45816653839355,6.71247007503202
2023-06-14 17:30:00,4.4729229987508,4.61896923099531
2023-06-14 17:40:00,5.25945542009335,4.73806131307811
2023-06-14 17:50:00,7.21393027967745,5.99494820620592
2023-06-14 18:00:00,4.83865267029891,3.72541496350989
2023-06-14 18:10:00,4.29681180656997,6.13868015044224
2023-06-14 18:20:00,4.47175531191857,4.66621070061163
2023-06-14 18:30:00,4.213099728343,4.42432777009979
2023-06-14 18:40:00,3.25093720381495,5.31201125364679
2023-06-14 18:50:00,4.93649431032283,5.93711777958842
2023-06-14 19:00:00,4.59420464887052,2.99372477427539
2023-06-14 19:10:00,7.07759561472656,4.9573387213676
2023-06-14 19:20:00,5.83149799337388,4.74837183522429
2023-06-14 19:30:00,6.0572463590302,6.39555711727165
2023-06-14 19:40:00,4.89440887965998,3.01362449775493
2023-06-14 19:50:00,4.48527104015086,4.23115951994021
2023-06-14 20:00:00,4.73154469155838,4.94654478735831
2023-06-14 20:10:00,3.56220603365569,3.98047214019176
2023-06-14 20:20:00,4.76729304672411,7.42566741609075
2023-06-14 20:30:00,6.64044426265856,6.15814314731127
2023-06-14 20:40:00,5.22089186352835,5.33370335416626
2023-06-14 20:50:00,3.61442646465032,6.28522754688294
2023-06-14 21:00:00,4.63085998491876,5.88482003110756
2023-06-14 21:10:00,5.32009099175875,4.27904263087536
2023-06-14 21:20:00,6.09957013156225,4.43515463971717
2023-06-14 21:30:00,6.80576221681388,5.17401469916564
2023-06-14 21:40:00,6.21358530351866,5.5473498116744
2023-06-14 21:50:00,4.53408054300347,4.63250584019932
2023-06-14 22:00:00,5.38775543249289,5.35122149296175
2023-06-14 22:10:00,5.24869190835362,5.88336709221122
2023-06-14 22:20:00,5.55747595987821,3.98204357165879
2023-06-14 22:30:00,6.46839265469674,4.73841947955068
2023-06-14 22:40:00,4.66027884618305,5.53474872756238
2023-06-14 22:50:00,4.1830819082359,5.1821141597714
2023-06-14 23:00:00,4.92377554906073,3.88038216218251
2023-06-14 23:10:00,6.41018611562558,5.62456306580545
2023-06-14 23:20:00,4.97393702147316,5.59265425859695
2023-06-14 23:30:00,4.37480526187003,5.5322626821559
2023-06-14 23:40:00,7.35812851552204,4.58449316469572
2023-06-14 23:50:00,5.17122298028353,6.24021190282769
2023-06-15,3.78203777587508,3.22164930002887
2023-06-15 00:10:00,3.01853258826678,4.79085849237933
2023-06-15 00:20:00,5.34566779696853,4.97509725280419
2023-06-15 00:30:00,5.45096501149753,5.84624088091719
2023-06-15 00:40:00,5.5556323521722,2.66309874872415
2023-06-15 00:50:00,4.85933222250662,4.0901475575372
2023-06-15 01:00:00,5.86044629821062,4.05930198674768
2023-06-15 01:10:00,1.98930011700711,3.64944583172184
2023-06-15 01:20:00,5.78021134920597,3.55422173782716
2023-06-15 01:30:00,4.22493734022921,4.58593442199331
2023-06-15 01:40:00,5.5524670275567,5.37441457379289
2023-06-15 01:50:00,3.29802709087294,5.34055767932432
2023-06-15 02:00:00,7.01754103288299,5.11622481998578
2023-06-15 02:10:00,4.79749364855026,7.21775482916655
2023-06-15 02:20:00,6.22815796221571,4.39354985088401
2023-06-15 02:30:00,5.68175634547204,5.05080871974672
2023-06-15 02:40:00,2.99874077123629,3.39871956484942
2023-06-15 02:50:00,5.15029225177563,3.80708698938846
2023-06-15 03:00:00,4.49487730260324,6.24520778138763
2023-06-15 03:10:00,6.85351349467722,3.10607592174809
2023-06-15 03:20:00,5.12390921477065,6.23913572774008
2023-06-15 03:30:00,4.93827349454082,2.56364544986041
2023-06-15 03:40:00,3.89141460130107,4.7134570689625
2023-06-15 03:50:00,3.34035300117021,5.36949292897167
2023-06-15 04:00:00,5.81884524726865,3.97571906124247
2023-06-15 04:10:00,4.84900334655328,6.71902094684007
2023-06-15 04:20:00,4.57781577858116,7.06861868902571
2023-06-15 04:30:00,5.60822019773333,5.38561350782641
2023-06-15 04:40:00,4.66930138078879,4.10038990364727
2023-06-15 04:50:00,3.35326316132855,4.28218456429108
2023-06-15 05:00:00,5.07117358666392,5.14277003845261
2023-06-15 05:10:00,5.17280557944129,5.62340939443583
2023-06-15 05:20:00,5.1831445397891,5.5624073733468
2023-06-15 05:30:00,5.6919590267099,3.76520113649747
2023-06-15 05:40:00,4.50971231529455,5.56060078134182
2023-06-15 05:50:00,4.4709509689713,4.9974409504312
2023-06-15 06:00:00,4.51762417006123,5.36267102559718
2023-06-15 06:10:00,4.23119410737196,5.00666156628076
2023-06-15 06:20:00,6.17543964045358,6.67943690788878
2023-06-15 06:30:00,4.32261235668878,5.74768865326167
2023-06-15 06:40:00,5.68444965836114,3.70613381225828
2023-06-15 06:50:00,6.21905520715923,3.5051998983251
2023-06-15 07:00:00,5.02660978743419,2.84687906189033
2023-06-15 07:10:00,5.60065335986119,2.92346033014837
2023-06-15 07:20:00,4.62183285209093,4.03848195750589
2023-06-15 07:30:00,6.66998282267066,3.07578511171215
2023-06-15 07:40:00,6.69133748117891,2.17065024424645
2023-06-15 07:50:00,5.96040677853522,3.24290112006302
2023-06-15 08:00:00,4.8911653893598,4.25732819280971
2023-06-15 08:10:00,4.89393653854768,1.70076379183495
2023-06-15 08:20:00,6.22135857158672,1.15280493142267
2023-06-15 08:30:00,4.80470438363631,4.43079623189872
2023-06-15 08:40:00,5.83476694458867,4.98332010898621
2023-06-15 08:50:00,2.80877576593583,4.91674001989312
2023-06-15 09:00:00,5.35372833606228,5.55759854129654
2023-06-15 09:10:00,4.71412705596739,4.62232405743319
2023-06-15 09:20:00,3.48705923229009,4.33788793597986
2023-06-15 09:30:00,3.91603141983714,3.86858804478842
2023-06-15 09:40:00,5.67446825943593,5.68454495059144
2023-06-15 09:50:00,4.71649791729356,4.93864319395926
2023-06-15 10:00:00,6.42689810784173,5.62087036494333
2023-06-15 10:10:00,5.06396869659636,3.93958106575844
2023-06-15 10:20:00,3.34764299762855,6.27917198719349
2023-06-15 10:30:00,5.96450563085195,5.81672819489566
2023-06-15 10:40:00,5.959568824606,5.6155286711776
2023-06-15 10:50:00,4.97153407460339,5.23131758496499
2023-06-15 11:00:00,4.13892605939532,5.49196308821855
2023-06-15 11:10:00,6.05388190987659,4.09118669128052
2023-06-15 11:20:00,4.530893170968,4.422765995265
2023-06-15 11:30:00,6.16668699364676,5.01149655821498
2023-06-15 11:40:00,5.96242166022373,4.26476738057583
2023-06-15 11:50:00,6.04209745594821,3.99943208205703
2023-06-15 12:00:00,3.94471312137699,5.36727881157488
2023-06-15 12:10:00,4.60501587501821,5.68747820482509
2023-06-15 12:20:00,3.44452917629116,4.11479489432511
2023-06-15 12:30:00,5.05972904234113,4.49439883779874
2023-06-15 12:40:00,4.52878927740142,3.13400615074891
2023-06-15 12:50:00,4.23735609948831,5.10622933993413
2023-06-15 13:00:00,6.81525974044293,4.89654936680866
2023-06-15 13:10:00,6.20442180451593,6.02215688913176
2023-06-15 13:20:00,3.90627622756381,4.42307563568637
2023-06-15 13:30:00,4.7415367440831,3.52331765669359
2023-06-15 13:40:00,4.65074732347341,4.0564334983673
2023-06-15 13:50:00,5.71932559752491,6.43289510559125
2023-06-15 14:00:00,5.89567525329431,5.82440511996479
2023-06-15 14:10:00,4.33624769294388,4.22168730129301
2023-06-15 14:20:00,3.77241520557794,6.52870943133361
2023-06-15 14:30:00,4.47290140181185,5.8196835689064
2023-06-15 14:40:00,5.57510965093047,5.29595949355327
2023-06-15 14:50:00,7.40547701610902,5.72005989598153
2023-06-15 15:00:00,4.74160567958952,6.02287565395075
2023-06-15 15:10:00,5.89220601783357,4.55655725360523
2023-06-15 15:20:00,7.27587163170421,4.80706052823062
2023-06-15 15:30:00,4.78103175980105,4.4358823625381
2023-06-15 15:40:00,5.86438742232007,3.95605659014336
2023-06-15 15:50:00,4.5289654808602,5.80149013378886
2023-06-15 16:00:00,5.56272803530411,5.70210583911582
2023-06-15 16:10:00,4.63867172827426,4.3323651995657
2023-06-15 16:20:00,5.97962288045143,5.16914405516439
2023-06-15 16:30:00,3.66447392377157,2.54734044982927
2023-06-15 16:40:00,3.95071187129328,4.98590303883053
2023-06-15 16:50:00,4.52021158673857,5.92395241006073
2023-06-15 17:00:00,4.73383321789954,6.51526326366794
2023-06-15 17:10:00,4.96986161497125,7.4606590381415
2023-06-15 17:20:00,6.75363954621551,9.34377731891707
2023-06-15 17:30:00,6.09933271930692,7.48890144044399
2023-06-15 17:40:00,6.07980123514622,8.05780253604195
2023-06-15 17:50:00,4.11380538190992,6.31592483014489
2023-06-15 18:00:00,5.84773696952872,7.41160621937457
2023-06-15 18:10:00,5.49539427024723,7.2785853574589
2023-06-15 18:20:00,5.11884636933762,7.50888236492018
2023-06-15 18:30:00,7.0738516956522,7.85786672925207
2023-06-15 18:40:00,6.01299310609793,8.50078644487099
2023-06-15 18:50:00,5.11758774854996,8.07856639792052
2023-06-15 19:00:00,3.61444469506773,6.92087773059565
2023-06-15 19:10:00,6.64670537542793,7.75886751545171
2023-06-15 19:20:00,4.32958982204657,8.40902935681003
2023-06-15 19:30:00,4.92071868194753,7.94237353936913
2023-06-15 19:40:00,5.34366623700177,9.14573511997963
2023-06-15 19:50:00,4.69295825122117,8.69132692776308
2023-06-15 20:00:00,5.94707657058256,6.71777652301645
2023-06-15 20:10:00,4.90484135431867,7.5020535030792
2023-06-15 20:20:00,4.95479701193655,7.67290065482339
2023-06-15 20:30:00,5.59079083404192,8.40639914502433
2023-06-15 20:40:00,3.09014972399539,6.56319582995186
2023-06-15 20:50:00,3.12722937322811,8.23361872946432
2023-06-15 21:00:00,4.90682751385039,7.11479679000254
2023-06-15 21:10:00,4.3147620118273,10
2023-06-15 21:20:00,4.0788803429625,8.18999719383116
2023-06-15 21:30:00,3.50338578240692,8.0773183152071
2023-06-15 21:40:00,4.37478419283956,8.61822644032404
2023-06-15 21:50:00,5.15422118082112,8.19198485624409
2023-06-15 22:00:00,5.1121016235557,4.47285535886532
2023-06-15 22:10:00,6.87734592487898,5.7604873317475
2023-06-15 22:20:00,3.26619070657267,4.73558333824678
2023-06-15 22:30:00,3.69730631122132,6.49654308884983
2023-06-15 22:40:00,4.3758698540799,4.64796318967792
2023-06-15 22:50:00,5.02554686828316,6.31279721319342
2023-06-15 23:00:00,4.29499214461425,3.89736197761996
2023-06-15 23:10:00,4.21775115522657,5.65038310302892
2023-06-15 23:20:00,4.49665993227653,3.37741239699555
2023-06-15 23:30:00,6.20414724942486,6.39818385865937
2023-06-15 23:40:00,4.86711196483183,5.21485919878015
2023-06-15 23:50:00,3.8870165067463,4.60275025922561
